{
  "admin": {
    "username": "admin",
    "password": "admin123"
  },
  "products": [
    {
      "id": 1,
      "name": "Premium Wireless Headphones",
      "description": "Experience crystal-clear sound with our premium wireless headphones. Features noise cancellation and 30-hour battery life.",
      "price": 249.99,
      "category": "Electronics",
      "stock": 45,
      "image": "https://images.pexels.com/photos/577769/pexels-photo-577769.jpeg?auto=compress&cs=tinysrgb&w=1260&h=750&dpr=1",
      "createdAt": "2023-06-15T14:30:00Z"
    },
    {
      "id": 2,
      "name": "Ergonomic Office Chair",
      "description": "Designed for ultimate comfort during long work hours. Adjustable height, tilt, and lumbar support.",
      "price": 349.99,
      "category": "Furniture",
      "stock": 20,
      "image": "https://images.pexels.com/photos/1957478/pexels-photo-1957478.jpeg?auto=compress&cs=tinysrgb&w=1260&h=750&dpr=1",
      "createdAt": "2023-07-01T10:45:00Z"
    },
    {
      "id": 3,
      "name": "Smart Fitness Watch",
      "description": "Track your health metrics, workouts, and receive notifications. Water-resistant up to 50m.",
      "price": 199.99,
      "category": "Electronics",
      "stock": 50,
      "image": "https://images.pexels.com/photos/437037/pexels-photo-437037.jpeg?auto=compress&cs=tinysrgb&w=1260&h=750&dpr=1",
      "createdAt": "2023-07-15T09:20:00Z"
    },
    {
      "id": 4,
      "name": "Artisanal Coffee Maker",
      "description": "Brew the perfect cup every time with this precision-engineered coffee maker. Temperature control and timer included.",
      "price": 129.99,
      "category": "Home & Kitchen",
      "stock": 30,
      "image": "https://images.pexels.com/photos/1251175/pexels-photo-1251175.jpeg?auto=compress&cs=tinysrgb&w=1260&h=750&dpr=1",
      "createdAt": "2023-08-05T16:10:00Z"
    },
    {
      "id": 5,
      "name": "Ultra-thin Laptop",
      "description": "Powerful performance in an ultra-thin design. 16GB RAM, 512GB SSD, and 14-hour battery life.",
      "price": 1299.99,
      "category": "Electronics",
      "stock": 15,
      "image": "https://images.pexels.com/photos/7974/pexels-photo.jpg?auto=compress&cs=tinysrgb&w=1260&h=750&dpr=1",
      "createdAt": "2023-08-20T11:30:00Z"
    }
  ],
  "categories": [
    {
      "id": 1,
      "name": "Electronics",
      "description": "Electronic devices and accessories"
    },
    {
      "id": 2,
      "name": "Furniture",
      "description": "Home and office furniture"
    },
    {
      "id": 3,
      "name": "Home & Kitchen",
      "description": "Appliances and items for home and kitchen"
    },
    {
      "id": 4,
      "name": "Clothing",
      "description": "Apparel and fashion items"
    }
  ],
  "orders": [
    {
      "id": 1,
      "customerName": "John Doe",
      "email": "john.doe@example.com",
      "products": [
        {
          "productId": 1,
          "quantity": 1,
          "price": 249.99
        },
        {
          "productId": 3,
          "quantity": 2,
          "price": 199.99
        }
      ],
      "total": 649.97,
      "status": "delivered",
      "createdAt": "2023-09-05T14:30:00Z"
    },
    {
      "id": 2,
      "customerName": "Jane Smith",
      "email": "jane.smith@example.com",
      "products": [
        {
          "productId": 2,
          "quantity": 1,
          "price": 349.99
        }
      ],
      "total": 349.99,
      "status": "processing",
      "createdAt": "2023-09-10T09:45:00Z"
    },
    {
      "id": 3,
      "customerName": "Robert Johnson",
      "email": "robert.johnson@example.com",
      "products": [
        {
          "productId": 4,
          "quantity": 1,
          "price": 129.99
        },
        {
          "productId": 5,
          "quantity": 1,
          "price": 1299.99
        }
      ],
      "total": 1429.98,
      "status": "shipped",
      "createdAt": "2023-09-12T16:20:00Z"
    }
  ]
}